Family,Subfamily,Tribe,Genus,Species,Rectilinear,Expanded,Nymph expanded,Link Observation,Link Observation 2,,
Alydidae,Alydinae,,Alydus,calcaratus,1,0,0,https://www.inaturalist.org/observations/197676030,https://www.inaturalist.org/observations/170083019,,
Alydidae,Alydinae,,Alydus,pilosulus,1,0,0,https://www.inaturalist.org/observations/189161604,https://www.inaturalist.org/observations/173540478,,
Alydidae,Alydinae,,Apidaurus,conspersus,1,0,0,https://www.inaturalist.org/observations/101171421,https://www.inaturalist.org/observations/182876828,,
Alydidae,Alydinae,,Burtinus,luteomarginatus,1,0,NA,https://www.inaturalist.org/observations/202909875,,,
Alydidae,Alydinae,,Camptopus,lateralis,1,0,0,https://www.inaturalist.org/observations/189256411,https://www.inaturalist.org/observations/182052478,,
Alydidae,Alydinae,,Hamedius,incarnatus,1,0,0,https://www.inaturalist.org/observations/186665300,https://www.inaturalist.org/observations/204233141,,
Alydidae,Alydinae,,Heegeria,tangirica,1,0,0,https://www.inaturalist.org/observations/140138179,https://www.inaturalist.org/observations/64169760,,
Alydidae,Alydinae,,Hyalymenus,longispinus,1,0,0,https://www.inaturalist.org/observations/133359160,https://www.inaturalist.org/observations/31768434,,
Alydidae,Alydinae,,Hyalymenus,pulcher,1,0,NA,https://www.inaturalist.org/observations/195866227,,,
Alydidae,Alydinae,,Hyalymenus,sp.1,0,0,0,,,,
Alydidae,Alydinae,,Hyalymenus,sp.2,0,0,0,,,,
Alydidae,Alydinae,,Melanacanthus,margineguttatus,1,0,NA,https://www.inaturalist.org/observations/65147961,,,
Alydidae,Alydinae,,Melanacanthus,scutellaris,1,0,NA,https://www.inaturalist.org/observations/206205337,,,
Alydidae,Alydinae,,Melanacanthus,sp.,1,0,0,,https://www.inaturalist.org/observations/197261079,,
Alydidae,Alydinae,,Nariscus,sp.,1,0,NA,https://www.inaturalist.org/observations/197962942,,,
Alydidae,Alydinae,,Neomegalotomus,rufipes,1,0,0,https://www.inaturalist.org/observations/37080453,https://www.inaturalist.org/observations/107884953,,
Alydidae,Alydinae,,Riptortus,pedestris,1,0,0,https://www.inaturalist.org/observations/180226937,https://www.inaturalist.org/observations/180756283,,
Alydidae,Alydinae,,Riptortus,sp.,1,0,0,https://www.inaturalist.org/observations/189206136,https://www.inaturalist.org/observations/186524267,,
Alydidae,Alydinae,,Tenosius,sp.,1,0,0,https://www.inaturalist.org/observations/75512056,https://www.inaturalist.org/observations/157034912,,
Alydidae,Micrelytrinae,Leptocorisini,Leptocorisa,acuta,1,0,0,https://www.inaturalist.org/observations/125435487,https://www.inaturalist.org/observations/175919013,,
Alydidae,Micrelytrinae,Leptocorisini,Leptocorisa,bipunctata,NA,NA,NA,,,,
Alydidae,Micrelytrinae,Leptocorisini,Mutusca,brevicornis,1,0,0,https://www.inaturalist.org/observations/202038173,https://www.inaturalist.org/observations/197292500,,
Alydidae,Micrelytrinae,Leptocorisini,Stenocoris,filiformis,1,0,NA,https://www.inaturalist.org/observations/104235777,,,
Alydidae,Micrelytrinae,Leptocorisini,Stenocoris,furcifera,1,0,NA,https://www.inaturalist.org/observations/6290514,,,
Alydidae,Micrelytrinae,Leptocorisini,Stenocoris,tipuloides,1,0,0,https://www.inaturalist.org/observations/79701776,https://www.inaturalist.org/observations/84617412,,
Alydidae,Micrelytrinae,Leptocorisini,Stenocoris,sp.,1,0,0,https://www.inaturalist.org/observations/79701777,https://www.inaturalist.org/observations/84617413,,
Alydidae,Micrelytrinae,Micrelytrini,Darmistus,sp.,1,0,NA,https://www.inaturalist.org/observations/151544568,,,
Coreidae,Coreinae,Acanthocephalini,Acanthocephala,alata,1,0,0,https://www.inaturalist.org/observations/170138981,https://www.inaturalist.org/observations/179483724,,
Coreidae,Coreinae,Acanthocephalini,Acanthocephala,declivis,1,0,0,https://www.inaturalist.org/observations/218493869,https://www.inaturalist.org/observations/201623260,,
Coreidae,Coreinae,Acanthocephalini,Acanthocephala,femorata,1,0,0,https://www.inaturalist.org/observations/210506093,https://www.inaturalist.org/observations/55347387,,
Coreidae,Coreinae,Acanthocephalini,Acanthocephala,terminalis,1,0,0,https://www.inaturalist.org/observations/218680486,https://www.inaturalist.org/observations/189075416,,
Coreidae,Coreinae,Acanthocephalini,Acanthocephala,thomasi,1,0,0,https://www.inaturalist.org/observations/210350405,https://www.inaturalist.org/observations/192565856,,
,,,Acanthocephala,scutellata,1,0,NA,https://www.inaturalist.org/observations/39314119,,,
,,,Acanthocephala,mercur,1,0,NA,https://www.inaturalist.org/observations/146112351,,,
Coreidae,Coreinae,Acanthocephalini,Laminiceps,vergarae,1,0,NA,https://www.inaturalist.org/observations/39314088,,,
Coreidae,Coreinae,Acanthocephalini,Petalops,distinctus,1,0,NA,https://www.inaturalist.org/observations/4352845,,,
Coreidae,Coreinae,Acanthocephalini,Stenometapodus,ambiguus,1,0,NA,https://www.inaturalist.org/observations/35671604,,,
Coreidae,Coreinae,Acanthocephalini,Stenometapodus,v-luteum,1,0,NA,https://www.inaturalist.org/observations/28845875,,,
Coreidae,Coreinae,Acanthocephalini,Zygometapodus,castaneus,1,0,NA,https://www.inaturalist.org/observations/20491192,,,
Coreidae,Coreinae,Acanthocerini,Acanthocerus,cruciger,1,0,1,https://www.inaturalist.org/observations/171579814,https://www.inaturalist.org/observations/103494858,,
Coreidae,Coreinae,Acanthocerini,Athaumastus,sp.,1,0,1,,,,
,,Acanthocerini,Athaumastus,haematicus,1,0,1,https://www.inaturalist.org/observations/71569543,https://www.inaturalist.org/observations/71573392,,
Coreidae,Coreinae,Acanthocerini,Camptischium,clavipes,1,0,1,https://www.inaturalist.org/observations/148132832,https://www.inaturalist.org/observations/208699285,,
Coreidae,Coreinae,Acanthocerini,Crinocerus,sanctus,1,0,1,https://www.inaturalist.org/observations/195937367,https://www.inaturalist.org/observations/222606303,https://seb.org.br/admin/files/anais2/ANO%201986%20VOLUME%2015-N01/1986_V15_N1_A1.pdf,
Coreidae,Coreinae,Acanthocerini,Diactor,bilineatus,1,0,1,https://www.inaturalist.org/observations/214849763,https://www.inaturalist.org/observations/176955003,,
Coreidae,Coreinae,Acanthocerini,Euthochtha,galeator,1,0,1,https://www.inaturalist.org/observations/211865530,https://www.inaturalist.org/observations/196802219,https://academic.oup.com/aesa/article-abstract/62/3/469/23658?login=true,https://sci-hub.ru/10.1093/aesa/62.3.469
Coreidae,Coreinae,Acanthocerini,Zoreva,lacerna,1,0,1,https://www.inaturalist.org/observations/106722358,https://www.inaturalist.org/observations/202437536,,
Coreidae,Coreinae,Acanthocerini,Zoreva,lobulata,1,0,1,https://www.inaturalist.org/observations/208284668,https://www.inaturalist.org/observations/202437537,,
Coreidae,Coreinae,Acanthocorini,Acanthocoris,scaber,1,0,0,https://www.inaturalist.org/observations/161076467,https://www.inaturalist.org/observations/134824221,,
Coreidae,Coreinae,Acanthocorini,Acanthocoris,sordidus,1,0,0,,,,
Coreidae,Coreinae,Acanthocorini,Acanthocoris,sp.1,1,0,0,,,,
Coreidae,Coreinae,Acanthocorini,Acanthocoris,sp.2,1,0,0,,,,
Coreidae,Coreinae,Acanthocorini,Acanthocoris,sp.3,1,0,0,,,,
Coreidae,Coreinae,Acanthocorini,Choerommatus,angusticollis,1,0,NA,https://www.inaturalist.org/observations/181981885,,,
Coreidae,Coreinae,Acanthocorini,Physomerus,grossipes,1,0,0,https://www.inaturalist.org/observations/214886894,https://www.inaturalist.org/observations/214401318,,
Coreidae,Coreinae,Acanthocorini,Rhyticoris,terminalis,1,0,NA,https://www.inaturalist.org/observations/99376642,,,
Coreidae,Coreinae,Agriopocorini,Agriopocoris,chadwicki,1,0,NA,https://www.inaturalist.org/observations/152470267,,,
Coreidae,Coreinae,Agriopocorini,Agriopocoris,froggatti,1,0,0,https://www.inaturalist.org/observations/197106929,https://www.inaturalist.org/observations/202005682,,
Coreidae,Coreinae,Agriopocorini,Agriopocostella,regulosa,NA,NA,NA,,,,
Coreidae,Coreinae,Agriopocorini,Tylocryptus,egenus,1,0,NA,https://www.inaturalist.org/observations/64849670,,,
Coreidae,Coreinae,Amorbini,Amorbus,alternatus,1,0,0,https://www.inaturalist.org/observations/202245630,https://www.inaturalist.org/observations/210637697,,
Coreidae,Coreinae,Amorbini,Gelonus,tasmanicus,1,0,0,https://www.inaturalist.org/observations/213673063,https://www.inaturalist.org/observations/201350996,,
Coreidae,Coreinae,Amorbini,Mirabilamorbus,sp.,1,0,NA,https://www.inaturalist.org/observations/38750585,https://bioone.org/journals/journal-of-the-new-york-entomological-society/volume-109/issue-2/0028-7199_2001_109_0206_ANGASO_2.0.CO_2/A-NEW-GENUS-AND-SPECIES-OF-AMORBINI-FROM-AUSTRALIA-HETEROPTERA/10.1664/0028-7199(2001)109[0206:ANGASO]2.0.CO;2.full#i0028-7199-109-2-206-f01,,
Coreidae,Coreinae,Anisoscelini,Anisoscelis,alipes,1,0,1,https://www.inaturalist.org/observations/194197443,https://www.inaturalist.org/observations/210078552,https://www.scielo.br/j/rbent/a/pTXrMYL8pFvgTQdC5DsyJDN/?lang=en,
Coreidae,Coreinae,Anisoscelini,Anisoscelis,gradadius,1,0,1,https://www.inaturalist.org/observations/141016000,https://www.inaturalist.org/observations/176507891,,
,,,Anisoscelis,marginellus,1,0,1,https://www.inaturalist.org/observations/112214732,https://www.inaturalist.org/observations/107068570,,
,,,Anisoscelis,foliaceus,1,0,1,https://www.inaturalist.org/observations/191974706,https://www.inaturalist.org/observations/67026718,,
Coreidae,Coreinae,Anisoscelini,Chondrocera,laticornis,0,1,0,https://www.inaturalist.org/observations/206491027,https://www.inaturalist.org/observations/63797283,,
Coreidae,Coreinae,Anisoscelini,Holhymenia,sp.,0,1,0,,,,
Coreidae,Coreinae,Anisoscelini,Holhymenia,tibialis / clavigera,0,1,0,https://www.inaturalist.org/observations/103555867,https://www.inaturalist.org/observations/55319608,,
,,,Holhymenia,histrio,0,1,0,https://www.inaturalist.org/photos/169636383,https://www.inaturalist.org/observations/203768707,,
Coreidae,Coreinae,Anisoscelini,Leptoglossus,ashmeadi,1,0,NA,https://www.inaturalist.org/observations/162672108,,,
Coreidae,Coreinae,Anisoscelini,Leptoglossus,clypealis,1,0,0,https://www.inaturalist.org/observations/209634055,https://www.inaturalist.org/observations/213995431,,
Coreidae,Coreinae,Anisoscelini,Leptoglossus,concolor,1,0,0,https://www.inaturalist.org/observations/4294445,https://www.inaturalist.org/observations/31682683,,
Coreidae,Coreinae,Anisoscelini,Leptoglossus,corculus,1,0,0,https://www.inaturalist.org/observations/214362450,https://www.inaturalist.org/observations/204863383,,
Coreidae,Coreinae,Anisoscelini,Leptoglossus,fulvicornis,1,0,0,https://www.inaturalist.org/observations/178857611,https://www.inaturalist.org/observations/132996448,,
Coreidae,Coreinae,Anisoscelini,Leptoglossus,gonagra,1,0,0,https://www.inaturalist.org/observations/200666287,https://www.inaturalist.org/observations/186022099,,
Coreidae,Coreinae,Anisoscelini,Leptoglossus,oppositus,1,0,0,https://www.inaturalist.org/observations/185352058,https://www.inaturalist.org/observations/204134049,,
Coreidae,Coreinae,Anisoscelini,Leptoglossus,phyllopus,1,0,0,https://www.inaturalist.org/observations/185506193,https://www.inaturalist.org/observations/134894611,,
Coreidae,Coreinae,Anisoscelini,Leptoglossus,zonatus,1,0,0,https://www.inaturalist.org/observations/178198289,https://www.inaturalist.org/observations/68434599,,
Coreidae,Coreinae,Anisoscelini,Leptoscelis,quadrisignatus,1,0,NA,https://www.inaturalist.org/observations/155244365,,,
Coreidae,Coreinae,Anisoscelini,Leptoscelis,tricolor,1,0,0,https://www.inaturalist.org/observations/187320523,https://www.inaturalist.org/observations/150945458,,
Coreidae,Coreinae,Anisoscelini,Narnia,femorata,1,0,0,https://www.inaturalist.org/observations/163852411,https://www.inaturalist.org/observations/118112200,,
Coreidae,Coreinae,Anisoscelini,Narnia,snowi,1,0,0,https://www.inaturalist.org/observations/152049539,https://www.inaturalist.org/observations/108458765,,
Coreidae,Coreinae,Anisoscelini,Phthiacnemia,picta,1,0,0,https://www.inaturalist.org/observations/213453696,https://www.inaturalist.org/observations/211824607,,
Coreidae,Coreinae,Chariesterini,Chariesterus,armatus,0,1,0,https://www.inaturalist.org/observations/11031578,https://www.inaturalist.org/observations/207492987,,
Coreidae,Coreinae,Chariesterini,Chariesterus,antennator,0,1,0,https://www.inaturalist.org/observations/101158849,https://www.inaturalist.org/observations/136514648,,
Coreidae,Coreinae,Chariesterini,Plapigus,abdominalis,0,1,NA,https://www.biodiversitylibrary.org/item/60304#page/545/mode/1up,,,
,,,Plapigus,,0,1,0,https://www.inaturalist.org/observations/108207906,,,
Coreidae,Coreinae,Chelinideini,Chelinidea,tabulata,0,1,0,https://www.inaturalist.org/observations/157775874,https://www.inaturalist.org/observations/207401608,,
Coreidae,Coreinae,Chelinideini,Chelinidea,vittiger,0,1,0,https://www.inaturalist.org/observations/200576794,https://www.inaturalist.org/observations/83337417,,
Coreidae,Coreinae,Cloresmini,Cloresmus,antennatus,1,0,NA,http://coreoidea.speciesfile.org/Common/basic/ShowImage.aspx?TaxonNameID=1187825&ImageID=180366,,,
Coreidae,Coreinae,Cloresmini,Cloresmus,sp.,1,0,0,https://www.inaturalist.org/observations/132163423,https://www.inaturalist.org/observations/132163424,,
Coreidae,Coreinae,Cloresmini,Notobitus,affinis,1,0,0,https://www.inaturalist.org/observations/187762067,,,
Coreidae,Coreinae,Cloresmini,Notobitus,meleagris,1,0,0,https://www.inaturalist.org/observations/8477376,https://www.inaturalist.org/observations/96847060,,
Coreidae,Coreinae,Cloresmini,Notobitus,sexguttatus,1,0,NA,https://www.inaturalist.org/observations/94672226,,,
Coreidae,Coreinae,Colpurini,Homalocolpura,parrilloi,NA,NA,NA,,,,
Coreidae,Coreinae,Colpurini,Hygia,sp.,1,0,0,https://www.inaturalist.org/observations/205058722,https://www.inaturalist.org/observations/149390405,,
Coreidae,Coreinae,Colpurini,Typhlocolpura,chinai,1,0,NA,http://coreoidea.speciesfile.org/Common/basic/ShowImage.aspx?TaxonNameID=1187889&ImageID=180488,,,
Coreidae,Coreinae,Coreini,Coreus,marginatus,1,0,1,https://www.inaturalist.org/observations/217262136,https://www.inaturalist.org/observations/206413787,,
Coreidae,Coreinae,Coreini,Haidara,producta,1,0,NA,http://coreoidea.speciesfile.org/Common/basic/ShowImage.aspx?TaxonNameID=1188408&ImageID=179171,,,
Coreidae,Coreinae,Daladerini,Dalader,planiventris,0,1,0,https://www.inaturalist.org/observations/175003086,https://www.inaturalist.org/observations/77203455,,
Coreidae,Coreinae,Daladerini,Odontocurtus,consociatus,NA,NA,NA,,,,
Coreidae,Coreinae,Daladerini,Odontorhopala,callosa,1,0,NA,https://www.inaturalist.org/observations/193796476,,,
Coreidae,Coreinae,Dasynini,Galaesus,hasticornis,,1,0,https://www.inaturalist.org/observations/134870537,https://www.inaturalist.org/observations/154272003,,
Coreidae,Coreinae,Gonocerini,Cletoliturus,lituripennis,1,0,NA,https://www.inaturalist.org/observations/90389168,,,
Coreidae,Coreinae,Gonocerini,Cletomorpha,benita,1,0,NA,https://www.inaturalist.org/observations/150816762,https://www.inaturalist.org/observations/19291365,,
Coreidae,Coreinae,Gonocerini,Cletomorpha,nyasana,1,0,NA,https://www.inaturalist.org/observations/19346308,,,
Coreidae,Coreinae,Gonocerini,Cletus,binotulatus,1,0,NA,https://www.inaturalist.org/observations/72038645,,,
Coreidae,Coreinae,Gonocerini,Cletus,ochraceus,1,0,NA,https://www.inaturalist.org/observations/199027860,,,
Coreidae,Coreinae,Gonocerini,Cletus,sp.,1,0,1,https://www.inaturalist.org/observations/182918231,https://www.inaturalist.org/observations/96189509,,
Coreidae,Coreinae,Homoeocerini,Fracastorius,cornutus,1,0,0,https://www.inaturalist.org/observations/79909458,https://www.inaturalist.org/observations/118501091,,
Coreidae,Coreinae,Homoeocerini,Homoeocerus,angulatus,1,0,NA,https://www.inaturalist.org/observations/55482084,,,
Coreidae,Coreinae,Homoeocerini,Homoeocerus,bipustulatus,1,0,NA,https://www.inaturalist.org/observations/203877911,,,
Coreidae,Coreinae,Homoeocerini,Homoeocerus,marginellus,1,0,0,https://www.inaturalist.org/observations/106667806,,,
Coreidae,Coreinae,Homoeocerini,Prismatocerus,auriculatus,1,0,0,https://www.inaturalist.org/observations/10874483,https://www.inaturalist.org/observations/155128357,,
Coreidae,Coreinae,Hypselonotini,Althos,obscurator,1,0,0,https://www.inaturalist.org/observations/189957192,https://www.inaturalist.org/observations/201620150,,
Coreidae,Coreinae,Hypselonotini,Anasa,andresii,1,0,NA,https://www.inaturalist.org/observations/133156853,https://www.inaturalist.org/observations/130855846,,
Coreidae,Coreinae,Hypselonotini,Anasa,bellator,1,0,0,https://www.inaturalist.org/observations/63583353,https://www.inaturalist.org/observations/39568154,,
Coreidae,Coreinae,Hypselonotini,Anasa,scorbutica,1,0,1,https://www.inaturalist.org/observations/72684838,https://www.inaturalist.org/observations/205158979,,
Coreidae,Coreinae,Hypselonotini,Anasa,tristis,1,0,1,https://www.inaturalist.org/observations/184326293,https://www.inaturalist.org/observations/180137768,,
Coreidae,Coreinae,Hypselonotini,Anasa,varicornis,1,0,0,https://www.inaturalist.org/observations/130191347,https://www.inaturalist.org/observations/88940998,,
Coreidae,Coreinae,Hypselonotini,Catorhintha,guttula,1,0,NA,https://www.inaturalist.org/observations/37060365,,,
Coreidae,Coreinae,Hypselonotini,Catorhintha,texana,1,0,0,https://www.inaturalist.org/observations/89441517,https://www.inaturalist.org/observations/171248117,,
Coreidae,Coreinae,Hypselonotini,Cebrenis,danieli,1,0,NA,https://www.inaturalist.org/observations/5140396,https://www.inaturalist.org/observations/141176862,,
Coreidae,Coreinae,Hypselonotini,Hypselonotus,bitrianguliger,1,0,0,https://www.inaturalist.org/observations/195301327,https://www.inaturalist.org/observations/141376305,,
Coreidae,Coreinae,Hypselonotini,Hypselonotus,fulvus,1,0,0,https://www.inaturalist.org/photos/248284586,https://www.inaturalist.org/observations/211778252,,
Coreidae,Coreinae,Hypselonotini,Hypselonotus,lineatus,1,0,0,https://www.inaturalist.org/observations/61722683,https://www.inaturalist.org/observations/187918107,,
Coreidae,Coreinae,Hypselonotini,Hypselonotus,punctiventris,1,0,0,https://www.inaturalist.org/observations/196795341,https://www.inaturalist.org/observations/207757463,,
,,,Hypselonotus,interruptus,1,0,NA,https://www.inaturalist.org/observations/195507197,,,
Coreidae,Coreinae,Hypselonotini,Paryphes,pulchellus,1,0,NA,https://www.inaturalist.org/photos/5543366,http://publication.nhmus.hu/pdf/annHNHM/Annals_HNHM_1913_Vol_11_344.pdf,,
,,,Paryphes,sp.,1,0,0,https://www.inaturalist.org/observations/190500273,https://www.inaturalist.org/observations/41011715,,
Coreidae,Coreinae,Hypselonotini,Scolopocerus,secundarius,1,0,0,https://www.inaturalist.org/observations/134089652,https://www.inaturalist.org/observations/137465850,,
Coreidae,Coreinae,Hypselonotini,Vazquezitocoris,repletus,1,0,NA,https://www.inaturalist.org/observations/9706545,,,
Coreidae,Coreinae,Hypselonotini,Villasitocoris,inconspicuus,1,0,NA,https://www.inaturalist.org/observations/15003684,,,
Coreidae,Coreinae,Hypselonotini,Zicca,commaculata,1,0,NA,https://www.inaturalist.org/observations/105730293,,,
Coreidae,Coreinae,Hypselonotini,Zicca,rubricator,1,0,NA,https://www.inaturalist.org/observations/41311124,,,
Coreidae,Coreinae,Hypselonotini,Zicca,taeniola,1,0,NA,https://www.inaturalist.org/observations/196180424,,,
Coreidae,Coreinae,Latimbini,Latimbus,concolor,1,0,NA,https://www.inaturalist.org/observations/96444110,,,
Coreidae,Coreinae,Latimbini,Latimbus,refulgens,NA,NA,NA,,,,
Coreidae,Coreinae,Manocoreini,Manocoreus,yunnanensis,1,0,0,https://www.inaturalist.org/observations/197599530,,,
Coreidae,Coreinae,Mictini,Anoplocnemis,curvipes,1,0,0,https://www.inaturalist.org/observations/209136052,https://www.inaturalist.org/observations/75023063,,
Coreidae,Coreinae,Mictini,Anoplocnemis,phasiana,1,0,0,https://www.inaturalist.org/observations/18684907,https://www.inaturalist.org/observations/18684908,,
Coreidae,Coreinae,Mictini,Anoplocnemis,sp.1,0,0,0,,,,
Coreidae,Coreinae,Mictini,Anoplocnemis,sp.2,0,0,0,,,,
Coreidae,Coreinae,Mictini,Dianomictis,expansa,1,0,NA,https://www.inaturalist.org/observations/45583314,,,
Coreidae,Coreinae,Mictini,Elasmopoda,alata,1,0,0,https://www.inaturalist.org/observations/125972198,https://www.inaturalist.org/observations/1425885577,,
Coreidae,Coreinae,Mictini,Elasmopoda,sp.,1,0,1,http://coreoidea.speciesfile.org/Common/basic/ShowImage.aspx?TaxonNameID=1189350&ImageID=193211,https://www.inaturalist.org/observations/256895625,,
Coreidae,Coreinae,Mictini,Mictis,longicornis,1,0,0,https://www.inaturalist.org/observations/202855456,https://www.inaturalist.org/observations/94290250,,
Coreidae,Coreinae,Mictini,Mictis,profana,1,0,0,https://www.inaturalist.org/observations/220175043,https://www.inaturalist.org/observations/199626380,,
Coreidae,Coreinae,Mictini,Molipteryx,lunata,1,0,0,https://www.inaturalist.org/observations/183093325,https://www.inaturalist.org/observations/86723540,,
Coreidae,Coreinae,Mictini,Mygdonia,tuberculosa,1,0,0,https://www.inaturalist.org/observations/36440639,,,
Coreidae,Coreinae,Mictini,Plectropoda,cruciata,1,0,NA,https://www.biodiversitylibrary.org/item/60304#page/431/mode/1up,,,
Coreidae,Coreinae,Mictini,Plectropoda,sp.,1,0,0,https://www.inaturalist.org/observations/9641477,https://www.inaturalist.org/observations/41114155,,
Coreidae,Coreinae,Mictini,Plectropodoides,dallastai,NA,NA,NA,,,,
Coreidae,Coreinae,Mictini,Prionolomia,yunnanensis,1,0,NA,http://coreoidea.speciesfile.org/Common/basic/ShowImage.aspx?TaxonNameID=1189474&ImageID=179721,https://www.inaturalist.org/observations/207912483,,
Coreidae,Coreinae,Mictini,Pternistria,bispina,1,0,0,https://www.inaturalist.org/observations/186357628,https://www.inaturalist.org/observations/145243959,,
Coreidae,Coreinae,Nematopodini,Grammopoecilus,angustatus,1,0,NA,https://www.inaturalist.org/observations/146988600,,,
Coreidae,Coreinae,Nematopodini,Melucha,quadrivittis,1,0,0,https://www.inaturalist.org/observations/67640985,https://www.inaturalist.org/observations/193266190,,
Coreidae,Coreinae,Nematopodini,Mozena,lineolata (lunata),1,0,0,https://www.inaturalist.org/observations/162561893,https://www.inaturalist.org/observations/119089311,,
Coreidae,Coreinae,Nematopodini,Mozena,lurida,1,0,0,https://www.inaturalist.org/observations/10109737,https://www.inaturalist.org/observations/138281431,,
Coreidae,Coreinae,Nematopodini,Nematopus,lepidus,1,0,NA,https://www.inaturalist.org/observations/33992449,,,
Coreidae,Coreinae,Nematopodini,Ouranion,serrulatus,1,0,0,https://www.inaturalist.org/observations/207756780,https://www.inaturalist.org/observations/101669438,,
,,Nematopodini,Pachylis,,0,1,0,https://www.inaturalist.org/observations/208584844,https://www.inaturalist.org/taxa/428814-Pachylis,,
,,,Pachylis,laticornis,0,1,0,https://www.inaturalist.org/observations/202434903,https://www.inaturalist.org/observations/101372158,,
Coreidae,Coreinae,Nematopodini,Piezogaster,calcarator,1,0,0,https://www.inaturalist.org/observations/213406732,https://www.inaturalist.org/observations/196162375,,
Coreidae,Coreinae,Nematopodini,Thasus,neocalifornicus,0,1,0,https://www.inaturalist.org/observations/183126591,https://www.inaturalist.org/observations/195405114,,
Coreidae,Coreinae,Nematopodini,Thasus,sp.,0,1,0,https://www.inaturalist.org/observations/204431341 ,https://www.inaturalist.org/observations/68357637 ,,
Coreidae,Coreinae,Petascelini,Petascelis,remipes,1,0,0,https://www.inaturalist.org/observations/197707768,https://www.inaturalist.org/observations/203979991,,
Coreidae,Coreinae,Phyllomorphini,Pephricus,paradoxus,1,0,NA,https://www.inaturalist.org/observations/10356228,https://www.inaturalist.org/observations/116135630,,
Coreidae,Coreinae,Phyllomorphini,Tongorma,latreillii,1,0,NA,https://www.inaturalist.org/observations/9516286,,,
Coreidae,Coreinae,Placoscelini,Plaxiscelis,limbata,1,0,NA,https://www.inaturalist.org/observations/70875548,https://www.inaturalist.org/observations/160183511,,
Coreidae,Coreinae,Placoscelini,Stenoeurilla,aenescens,1,0,NA,https://www.inaturalist.org/observations/16092790,https://www.inaturalist.org/observations/93948792,,
Coreidae,Coreinae,Placoscelini,Stenoeurilla,mesoamericana,1,0,NA,https://www.inaturalist.org/observations/199127843,,,
Coreidae,Coreinae,Prionotylini,Prionotylus,brevicornis,1,0,NA,https://www.inaturalist.org/observations/165216846,https://www.inaturalist.org/observations/225155752,,
Coreidae,Coreinae,Spartocerini,Sephina,geniculata,1,0,NA,https://www.inaturalist.org/observations/34169896,,,
Coreidae,Coreinae,Spartocerini,Sephina,subulata,1,0,0,https://www.inaturalist.org/observations/67027066,https://www.inaturalist.org/observations/41141285,,
,,,Sephina,pustulata,1,0,0,https://www.inaturalist.org/observations/104234854,https://www.inaturalist.org/observations/124572578,,
Coreidae,Coreinae,Spartocerini,Spartocera,batatas,1,0,0,https://www.inaturalist.org/observations/68650365,https://www.inaturalist.org/observations/152352131,,
Coreidae,Coreinae,Spartocerini,Spartocera,fusca,1,0,0,https://www.inaturalist.org/observations/166350394,https://www.inaturalist.org/observations/166880566,,
Coreidae,Hydarinae,,Hydara,tenuicornis,1,0,NA,https://www.inaturalist.org/observations/112939188,,,
Coreidae,Hydarinae,,Hydarella,chiangdaoensis,1,0,NA,https://www.inaturalist.org/observations/189853101,,,
Coreidae,Hydarinae,,Hydaropsis,longirostris,1,0,NA,http://coreoidea.speciesfile.org/Common/basic/ShowImage.aspx?TaxonNameID=1187099&ImageID=179281,,,
Coreidae,Hydarinae,,Madura,fuscoclavata,1,0,NA,https://www.inaturalist.org/observations/196369636,https://www.inaturalist.org/observations/215538495,,
Coreidae,Hydarinae,,Maduranoides,chemsaki,1,0,NA,https://www.inaturalist.org/observations/115415959,,,
Coreidae,Meropachyinae,Merocorini,Merocoris,curtatus,1,0,0,https://www.inaturalist.org/observations/177422602,https://www.inaturalist.org/observations/46805670,,
Coreidae,Meropachyinae,Merocorini,Merocoris,elevatus,1,0,NA,https://www.inaturalist.org/observations/153493317,,,
Coreidae,Meropachyinae,Merocorini,Merocoris,typhaeus,1,0,NA,https://www.inaturalist.org/observations/117222424,,,
Coreidae,Meropachyinae,Spathophorini,Lycambes,sargi,1,0,NA,https://www.inaturalist.org/observations/144444175,,,
Coreidae,Pseudophloeinae,Clavigrallini,Clavigralla,elongata,1,0,NA,http://coreoidea.speciesfile.org/Common/basic/ShowImage.aspx?TaxonNameID=1186770&ImageID=179100,https://www.inaturalist.org/observations/194579240,,
Coreidae,Pseudophloeinae,Clavigrallini,Clavigralla,minor,NA,NA,NA,,,,
Coreidae,Pseudophloeinae,Clavigrallini,Clavigralla,pusilla,1,0,NA,http://coreoidea.speciesfile.org/Common/basic/ShowImage.aspx?TaxonNameID=1186796&ImageID=179529,,,
Coreidae,Pseudophloeinae,Clavigrallini,Clavigralla,shadabi,1,0,NA,http://coreoidea.speciesfile.org/Common/basic/ShowImage.aspx?TaxonNameID=1186801&ImageID=179494,,,
Coreidae,Pseudophloeinae,Clavigrallini,Clavigralla,sp.,1,0,NA,,,,
Coreidae,Pseudophloeinae,Clavigrallini,Clavigralloides,acantharis,1,0,NA,https://www.inaturalist.org/observations/33681153,,,
Coreidae,Pseudophloeinae,Clavigrallini,Gralliclava,horrens,1,0,NA,https://www.inaturalist.org/observations/71687156,,,
Coreidae,Pseudophloeinae,Clavigrallini,Gralliclava,sp.,1,0,NA,,,,
Coreidae,Pseudophloeinae,Pseudophloeini,Anoplocerus,luteus,1,0,NA,https://www.inaturalist.org/observations/150818038,,,
Coreidae,Pseudophloeinae,Pseudophloeini,Arenocoris,waltlii,1,0,0,https://www.inaturalist.org/observations/203500090,https://www.inaturalist.org/observations/200658088,,
Coreidae,Pseudophloeinae,Pseudophloeini,Bathysolen,nubilus,1,0,NA,https://www.inaturalist.org/observations/194125366,,,
Coreidae,Pseudophloeinae,Pseudophloeini,Ceraleptus,gracilicornis,1,0,NA,https://www.inaturalist.org/observations/167384258,https://www.inaturalist.org/observations/119867942,,
Coreidae,Pseudophloeinae,Pseudophloeini,Ceraleptus,obtusus,1,0,NA,https://www.inaturalist.org/observations/160101278,,,
Coreidae,Pseudophloeinae,Pseudophloeini,Coriomeris,affinis,1,0,NA,https://www.inaturalist.org/observations/206484623,,,
Coreidae,Pseudophloeinae,Pseudophloeini,Coriomeris,denticulatus,1,0,0,https://www.inaturalist.org/observations/204383675,https://www.inaturalist.org/observations/179553328,,
Coreidae,Pseudophloeinae,Pseudophloeini,Coriomeris,nigricornis,1,0,NA,https://www.inaturalist.org/observations/5050180,,,
Coreidae,Pseudophloeinae,Pseudophloeini,Hoplolomia,scabricula,1,0,NA,https://www.inaturalist.org/observations/148368023,https://www.biodiversitylibrary.org/item/45718#page/450/mode/1up,,
Coreidae,Pseudophloeinae,Pseudophloeini,Mevanidea,hystrix,1,0,NA,https://www.inaturalist.org/observations/89345394,,,
Coreidae,Pseudophloeinae,Pseudophloeini,Mevanidea,spiniceps,NA,NA,NA,,,,
Coreidae,Pseudophloeinae,Pseudophloeini,Myla,sp.,1,0,NA,https://www.inaturalist.org/observations/138019046,,,
Coreidae,Pseudophloeinae,Pseudophloeini,Nemocoris,falleni,1,0,NA,https://www.inaturalist.org/observations/202267670,,,
Coreidae,Pseudophloeinae,Pseudophloeini,Paramyla,suspecta,1,0,NA,https://ia601202.us.archive.org/3/items/biostor-144/biostor-144.pdf,,,
Coreidae,Pseudophloeinae,Pseudophloeini,Pseudomyla,cornuta,1,0,NA,https://www.inaturalist.org/observations/180860581,,,
Coreidae,Pseudophloeinae,Pseudophloeini,Psilolomia,brunneofusca,1,0,NA,http://coreoidea.speciesfile.org/Common/basic/ShowImage.aspx?TaxonNameID=1186891&ImageID=227017,,,
Coreidae,Pseudophloeinae,Pseudophloeini,Psilolomia,parva,1,0,NA,http://coreoidea.speciesfile.org/Common/basic/ShowImage.aspx?TaxonNameID=1186898&ImageID=227013,,,
Coreidae,Pseudophloeinae,Pseudophloeini,Strobilotoma,typhaecornis,1,0,0,https://www.inaturalist.org/observations/33790755,https://www.inaturalist.org/observations/65637859,,
Coreidae,Pseudophloeinae,Pseudophloeini,Vilga,dallasi,1,0,NA,https://www.inaturalist.org/observations/138653350,https://www.inaturalist.org/observations/134378232,,
Coreidae,Pseudophloeinae,Pseudophloeini,Vilga,sanctipauli,1,0,NA,http://coreoidea.speciesfile.org/Common/basic/ShowImage.aspx?TaxonNameID=1186869&ImageID=222861,,,
Coreidae,Pseudophloeinae,Pseudophloeini,Vilga,westwoodi,1,0,NA,https://www.inaturalist.org/observations/106535427,,,
Largidae,Larginae,Largini,Largus,sp.,1,0,0,https://www.inaturalist.org/observations/217073733,https://www.inaturalist.org/observations/179925755,,
Lygaeidae,Lygaeinae,Lygaeini,Oncopeltus,fasciatus,1,0,0,https://www.inaturalist.org/observations/196244215,https://www.inaturalist.org/observations/193648431,,
Pachygronthidae,Pachygronthinae,Pachygronthini,Oedancala,sp.,1,0,0,https://www.inaturalist.org/observations/189726558,https://www.inaturalist.org/observations/176215642,,
Pentatomidae,Pentatominae,Cappaeini,Halyomorpha,halys,1,0,0,https://www.inaturalist.org/observations/195445295,https://www.inaturalist.org/observations/197135153,,
Pyrrhocoridae,,,Dysdercus,mimus,1,0,NA,https://www.inaturalist.org/observations/200865495,,,
Pyrrhocoridae,,,Dysdercus,suturellus,1,0,0,https://www.inaturalist.org/observations/90339616,https://www.inaturalist.org/observations/53043391,,
Rhopalidae,Rhopalinae,Harmostini,Harmostes,serratus,1,0,0,https://www.inaturalist.org/observations/166914795,https://www.inaturalist.org/observations/14472954,,
Rhopalidae,Serinethinae,,Jadera,haematoloma,1,0,0,https://www.inaturalist.org/observations/209163184,https://www.inaturalist.org/observations/213387794,,