",""x""";Species_Name;Family;Subfamily;Tribe;Genus;Species;Antennae;Antennomere_I;Antennomere_II;Antennomere_III;Sum;Reference;
"1,""Acanthocephala_alata_CMF_0025""";Acanthocephala_alata;Coreidae;Coreinae;Acanthocephalini;Acanthocephala;alata;1;1;1;1;3;https://www.inaturalist.org/observations/170138981;
"10,""Choerommatus_angusticollis_CMF_0012""";Choerommatus_angusticollis;Coreidae;Coreinae;Acanthocorini;Choerommatus;angusticollis;1;1;1;1;3;https://www.inaturalist.org/observations/181981885;
"100,""Tylocryptus_egenus_CMF_1142""";Tylocryptus_egenus;Coreidae;Coreinae;Agriopocorini;Tylocryptus;egenus;1;1;1;1;3;https://www.inaturalist.org/observations/64849670;
"101,""Hygia_sp_CMF_0809""";Hygia_sp.;Coreidae;Coreinae;Colpurini;Hygia;sp.;0;0;0;0;0;NA;
"102,""Typhlocolpura_chinai_CMF_0006""";Typhlocolpura_chinai;Coreidae;Coreinae;Colpurini;Typhlocolpura;chinai;1;1;1;1;3;http://coreoidea.speciesfile.org/Common/basic/ShowImage.aspx?TaxonNameID=1187889&ImageID=180488;
"103,""Homalocolpura_parrilloi_CMF_0609""";Homalocolpura_parrilloi;Coreidae;Coreinae;Colpurini;Homalocolpura;parrilloi;0;0;0;0;0;NA;
"104,""Amorbus_alternatus_CMF_1086""";Amorbus_alternatus;Coreidae;Coreinae;Amorbini;Amorbus;alternatus;1;1;1;1;3;https://www.inaturalist.org/observations/202245630;
"105,""Mirabilamorbus_n_sp_CMF_1149""";Mirabilamorbus_sp.;Coreidae;Coreinae;Amorbini;Mirabilamorbus;sp.;0;0;0;0;0;NA;
"106,""Gelonus_tasmanicus_CMF_1152""";Gelonus_tasmanicus;Coreidae;Coreinae;Amorbini;Gelonus;tasmanicus;1;1;1;1;3;https://www.inaturalist.org/observations/213673063;
"107,""Anoplocnemis_curvipes_CMF_0332""";Anoplocnemis_curvipes;Coreidae;Coreinae;Mictini;Anoplocnemis;curvipes;1;1;1;1;3;https://www.inaturalist.org/observations/209136052;
"108,""Anoplocnemis_phasiana_CMF_0761""";Anoplocnemis_phasiana;Coreidae;Coreinae;Mictini;Anoplocnemis;phasiana;1;1;1;1;3;https://www.inaturalist.org/observations/18684907;
"109,""Anoplocnemis_sp_CMF_0020""";Anoplocnemis_sp.1;Coreidae;Coreinae;Mictini;Anoplocnemis;sp.1;0;0;0;0;0;NA;
"11,""Physomerus_grossipes_CMF_0175""";Physomerus_grossipes;Coreidae;Coreinae;Acanthocorini;Physomerus;grossipes;1;1;1;1;3;https://www.inaturalist.org/observations/214886894;
"110,""Anoplocnemis_sp_CMF_0052""";Anoplocnemis_sp.2;Coreidae;Coreinae;Mictini;Anoplocnemis;sp.2;0;0;0;0;0;NA;
"111,""Elasmopoda_sp_CMF_0333""";Elasmopoda_alata;Coreidae;Coreinae;Mictini;Elasmopoda;alata;1;1;1;1;3;https://www.inaturalist.org/observations/125972198;
"112,""Elasmopoda_alata_CMF_0675""";Elasmopoda_sp.;Coreidae;Coreinae;Mictini;Elasmopoda;sp.;0;0;0;0;0;NA;
"113,""Plectropoda_cruciata_CMF_0037""";Plectropoda_cruciata;Coreidae;Coreinae;Mictini;Plectropoda;cruciata;1;1;1;1;3;https://www.biodiversitylibrary.org/item/60304#page/431/mode/1up;
"114,""Plectropoda_sp_CMF_0022""";Plectropoda_sp.;Coreidae;Coreinae;Mictini;Plectropoda;sp.;0;0;0;0;0;NA;
"115,""Mygdonia_tuberculosa_CMF_0053""";Mygdonia_tuberculosa;Coreidae;Coreinae;Mictini;Mygdonia;tuberculosa;1;1;1;1;3;https://www.inaturalist.org/observations/36440639;
"116,""Plectropodoides_dallastai_CMF_0854""";Plectropodoides_dallastai;Coreidae;Coreinae;Mictini;Plectropodoides;dallastai;0;0;0;0;0;NA;
"117,""Dianomictis_expansa_CMF_0684""";Dianomictis_expansa;Coreidae;Coreinae;Mictini;Dianomictis;expansa;1;1;1;1;3;https://www.inaturalist.org/observations/45583314;
"118,""Molipteryx_lunata_CMF_0818""";Molipteryx_lunata;Coreidae;Coreinae;Mictini;Molipteryx;lunata;1;1;1;1;3;https://www.inaturalist.org/observations/183093325;
"119,""Prionolomia_yunnanensis_CMF_0554""";Prionolomia_yunnanensis;Coreidae;Coreinae;Mictini;Prionolomia;yunnanensis;1;1;1;1;3;https://www.inaturalist.org/observations/265431374;
"12,""Rhyticoris_terminalis_CMF_0702""";Rhyticoris_terminalis;Coreidae;Coreinae;Acanthocorini;Rhyticoris;terminalis;1;1;1;1;3;https://www.inaturalist.org/observations/99376642;
"120,""Mictis_longicornis_CMF_0184""";Mictis_longicornis;Coreidae;Coreinae;Mictini;Mictis;longicornis;1;1;1;1;3;https://www.inaturalist.org/observations/202855456;
"121,""Pternistria_bispina_CMF_0698""";Pternistria_bispina;Coreidae;Coreinae;Mictini;Pternistria;bispina;1;1;1;1;3;https://www.inaturalist.org/observations/186357628;
"122,""Mictis_profana_CMF_0412""";Mictis_profana;Coreidae;Coreinae;Mictini;Mictis;profana;1;1;1;1;3;https://www.inaturalist.org/observations/220175043;
"123,""Cloresmus_antennatus_CMF_0634""";Cloresmus_antennatus;Coreidae;Coreinae;Cloresmini;Cloresmus;antennatus;1;1;1;1;3;http://coreoidea.speciesfile.org/Common/basic/ShowImage.aspx?TaxonNameID=1187825&ImageID=180366;
"124,""Cloresmus_sp_CMF_0743""";Cloresmus_sp.;Coreidae;Coreinae;Cloresmini;Cloresmus;sp.;0;0;0;0;0;NA;
"125,""Notobitus_nr_affinis_CMF_0530""";Notobitus_affinis;Coreidae;Coreinae;Cloresmini;Notobitus;affinis;1;1;1;1;3;https://www.inaturalist.org/taxa/332172-Notobitus;
"126,""Notobitus_sexguttatus_CMF_0747""";Notobitus_sexguttatus;Coreidae;Coreinae;Cloresmini;Notobitus;sexguttatus;1;1;1;1;3;https://www.inaturalist.org/observations/94672226;
"127,""Notobitus_meleagris_CMF_0529""";Notobitus_meleagris;Coreidae;Coreinae;Cloresmini;Notobitus;meleagris;1;1;1;1;3;https://www.inaturalist.org/observations/94672226;
"128,""Dalader_planiventris_CMF_0737""";Dalader_planiventris;Coreidae;Coreinae;Daladerini;Dalader;planiventris;2;1;1;2;4;https://www.inaturalist.org/observations/175003086;
"129,""Latimbus_concolor_CMF_0827""";Latimbus_concolor;Coreidae;Coreinae;Latimbini;Latimbus;concolor;1;1;1;1;3;https://www.inaturalist.org/observations/96444110;
"13,""Petascelis_remipes_CMF_0330""";Petascelis_remipes;Coreidae;Coreinae;Petascelini;Petascelis;remipes;1;1;1;1;3;https://www.inaturalist.org/observations/197707768;
"130,""Latimbus_refulgens_CMF_0650""";Latimbus_refulgens;Coreidae;Coreinae;Latimbini;Latimbus;refulgens;0;0;0;0;0;NA;
"131,""Odontocurtus_consociatus_CMF_0694""";Odontocurtus_consociatus;Coreidae;Coreinae;Daladerini;Odontocurtus;consociatus;1;1;1;1;3;https://www.biodiversitylibrary.org/item/310672#page/208/mode/1up;
"132,""Odontorhopala_callosa_CMF_0697""";Odontorhopala_callosa;Coreidae;Coreinae;Daladerini;Odontorhopala;callosa;1;1;1;1;3;https://www.inaturalist.org/observations/193796476;
"133,""Cletoliturus_lituripennis_CMF_0709""";Cletoliturus_lituripennis;Coreidae;Coreinae;Gonocerini;Cletoliturus;lituripennis;1;1;1;1;3;https://www.inaturalist.org/observations/90389168;
"134,""Cletomorpha_benita_CMF_0820""";Cletomorpha_benita;Coreidae;Coreinae;Gonocerini;Cletomorpha;benita;1;1;1;1;3;https://www.inaturalist.org/observations/150816762;
"135,""Cletomorpha_nyasana_CMF_0748""";Cletomorpha_nyasana;Coreidae;Coreinae;Gonocerini;Cletomorpha;nyasana;1;1;1;1;3;https://www.inaturalist.org/observations/19346308;
"136,""Cletus_binotulatus_CMF_0767""";Cletus_binotulatus;Coreidae;Coreinae;Gonocerini;Cletus;binotulatus;1;1;1;1;3;https://www.inaturalist.org/observations/72038645;
"137,""Cletus_ochraceus_CMF_0152""";Cletus_ochraceus;Coreidae;Coreinae;Gonocerini;Cletus;ochraceus;1;1;1;1;3;https://www.inaturalist.org/observations/199027860;
"138,""Cletus_sp_CMF_0765""";Cletus_sp.;Coreidae;Coreinae;Gonocerini;Cletus;sp.;0;0;0;0;0;NA;
"139,""Coreus_marginatus_CMF_0793""";Coreus_marginatus;Coreidae;Coreinae;Coreini;Coreus;marginatus;1;1;1;1;3;https://www.inaturalist.org/observations/217262136;
"14,""Sephina_geniculata_CMF_0172""";Sephina_geniculata;Coreidae;Coreinae;Spartocerini;Sephina;geniculata;1;1;1;1;3;https://www.inaturalist.org/observations/34169896;
"140,""Pephricus_paradoxus_CMF_0730""";Pephricus_paradoxus;Coreidae;Coreinae;Phyllomorphini;Pephricus;paradoxus;1;1;1;1;3;https://www.inaturalist.org/observations/10356228;
"141,""Tongorma_latreillii_CMF_0735""";Tongorma_latreillii;Coreidae;Coreinae;Phyllomorphini;Tongorma;latreillii;1;1;1;1;3;https://www.inaturalist.org/observations/9516286;
"142,""Haidara_producta_CMF_0824""";Haidara_producta;Coreidae;Coreinae;Coreini;Haidara;producta;1;1;1;1;3;http://coreoidea.speciesfile.org/Common/basic/ShowImage.aspx?TaxonNameID=1188408&ImageID=179171;
"143,""Prionotylus_brevicornis_CMF_0916""";Prionotylus_brevicornis;Coreidae;Coreinae;Prionotylini;Prionotylus;brevicornis;1;1;1;1;3;https://www.inaturalist.org/observations/165216846;
"144,""Fracastorius_cornutus_CMF_0531""";Fracastorius_cornutus;Coreidae;Coreinae;Homoeocerini;Fracastorius;cornutus;1;1;1;1;3;https://www.inaturalist.org/observations/79909458;
"145,""Homoeocerus_marginellus_CMF_0327""";Homoeocerus_angulatus;Coreidae;Coreinae;Homoeocerini;Homoeocerus;angulatus;1;1;1;1;3;https://www.inaturalist.org/observations/55482084;
"146,""Homoeocerus_angulatus_CMF_0759""";Homoeocerus_bipustulatus;Coreidae;Coreinae;Homoeocerini;Homoeocerus;bipustulatus;1;1;1;1;3;https://www.inaturalist.org/observations/203877911;
"147,""Homoeocerus_bipustulatus_CMF_0093""";Homoeocerus_marginellus;Coreidae;Coreinae;Homoeocerini;Homoeocerus;marginellus;1;1;1;1;3;https://www.inaturalist.org/observations/106667806;
"148,""Prismatocerus_auriculatus_CMF_0734""";Prismatocerus_auriculatus;Coreidae;Coreinae;Homoeocerini;Prismatocerus;auriculatus;2;1;1;2;4;https://www.inaturalist.org/observations/363614079;
"149,""Galaesus_hasticornis_CMF_0701""";Galaesus_hasticornis;Coreidae;Coreinae;Dasynini;Galaesus;hasticornis;2;1;1;2;4;https://www.inaturalist.org/observations/134870537;
"15,""Sephina_subulata_CMF_0799""";Sephina_subulata;Coreidae;Coreinae;Spartocerini;Sephina;subulata;1;1;1;1;3;https://www.inaturalist.org/observations/34169896;
"150,""Manocoreus_yunnanensis_CMF_1133""";Manocoreus_yunnanensis;Coreidae;Coreinae;Manocoreini;Manocoreus;yunnanensis;1;1;1;1;3;https://www.inaturalist.org/observations/197599530;
"151,""Althos_obscurator_CMF_0870""";Althos_obscurator;Coreidae;Coreinae;Hypselonotini;Althos;obscurator;1;1;1;1;3;https://www.inaturalist.org/observations/189957192;
"152,""Vazquezitocoris_repletus_CMF_0851""";Vazquezitocoris_repletus;Coreidae;Coreinae;Hypselonotini;Vazquezitocoris;repletus;1;1;1;1;3;https://www.inaturalist.org/observations/9706545;
"153,""Catorhintha_guttula_CMF_0102""";Catorhintha_guttula;Coreidae;Coreinae;Hypselonotini;Catorhintha;guttula;1;1;1;1;3;https://www.inaturalist.org/observations/37060365;
"154,""Catorhintha_texana_CMF_0070""";Catorhintha_texana;Coreidae;Coreinae;Hypselonotini;Catorhintha;texana;1;1;1;1;3;https://www.inaturalist.org/observations/89441517;
"155,""Scolopocerus_secundarius_CMF_0808""";Scolopocerus_secundarius;Coreidae;Coreinae;Hypselonotini;Scolopocerus;secundarius;1;1;1;1;3;https://www.inaturalist.org/observations/134089652;
"156,""Villasitocoris_inconspicuus_CMF_0822""";Villasitocoris_inconspicuus;Coreidae;Coreinae;Hypselonotini;Villasitocoris;inconspicuus;1;1;1;1;3;https://www.inaturalist.org/observations/15003684;
"157,""Athaumastus_subterlineatus_CMF_0528""";Athaumastus_sp.;Coreidae;Coreinae;Acanthocerini;Athaumastus;sp.;0;0;0;0;0;NA;
"158,""Crinocerus_sanctus_CMF_0860""";Crinocerus_sanctus;Coreidae;Coreinae;Acanthocerini;Crinocerus;sanctus;1;1;1;1;3;https://www.inaturalist.org/observations/209541502;
"159,""Euthochtha_galeator_CMF_0162""";Euthochtha_galeator;Coreidae;Coreinae;Acanthocerini;Euthochtha;galeator;1;1;1;1;3;https://www.inaturalist.org/observations/211865530;
"16,""Spartocera_batatas_CMF_0096""";Spartocera_batatas;Coreidae;Coreinae;Spartocerini;Spartocera;batatas;1;1;1;1;3;https://www.inaturalist.org/observations/68650365;
"160,""Acanthocerus_crucifer_CMF_0541""";Acanthocerus_cruciger;Coreidae;Coreinae;Acanthocerini;Acanthocerus;cruciger;1;1;1;1;3;https://www.inaturalist.org/observations/171579814;
"161,""Camptischium_clavipes_CMF_0548""";Camptischium_clavipes;Coreidae;Coreinae;Acanthocerini;Camptischium;clavipes;1;1;1;1;3;https://www.inaturalist.org/observations/207003100;
"162,""Zoreva_lacerna_CMF_0813""";Zoreva_lacerna;Coreidae;Coreinae;Acanthocerini;Zoreva;lacerna;1;1;1;1;3;https://www.inaturalist.org/observations/106722358;
"163,""Zoreva_lobulata_CMF_0549""";Zoreva_lobulata;Coreidae;Coreinae;Acanthocerini;Zoreva;lobulata;1;1;1;1;3;https://www.inaturalist.org/observations/208284668;
"164,""Chariesterus_antennator_CMF_0103""";Chariesterus_antennator;Coreidae;Coreinae;Chariesterini;Chariesterus;antennator;2;1;1;2;4;https://www.inaturalist.org/observations/101158849;
"165,""Chariesterus_armatus_CMF_0744""";Chariesterus_armatus;Coreidae;Coreinae;Chariesterini;Chariesterus;armatus;2;1;1;2;4;https://www.inaturalist.org/observations/11031578;
"166,""Plapigus_abdominalis_CMF_0002""";Plapigus_abdominalis;Coreidae;Coreinae;Chariesterini;Plapigus;abdominalis;2;1;1;2;4;https://www.biodiversitylibrary.org/item/60304#page/545/mode/1up;
"167,""Hypselonotus_bitrianguliger_CMF_0073""";Hypselonotus_bitrianguliger;Coreidae;Coreinae;Hypselonotini;Hypselonotus;bitrianguliger;1;1;1;1;3;https://www.inaturalist.org/observations/195301327;
"168,""Hypselonotus_fulvus_CMF_0145""";Hypselonotus_fulvus;Coreidae;Coreinae;Hypselonotini;Hypselonotus;fulvus;1;1;1;1;3;https://www.inaturalist.org/observations/211778252;
"169,""Hypselonotus_lineatus_CMF_0027""";Hypselonotus_lineatus;Coreidae;Coreinae;Hypselonotini;Hypselonotus;lineatus;1;1;1;1;3;https://www.inaturalist.org/observations/61722683;
"17,""Spartocera_fusca_CMF_0526""";Spartocera_fusca;Coreidae;Coreinae;Spartocerini;Spartocera;fusca;1;1;1;1;3;https://www.inaturalist.org/observations/166350394;
"170,""Hypselonotus_punctiventris_CMF_0784""";Hypselonotus_punctiventris;Coreidae;Coreinae;Hypselonotini;Hypselonotus;punctiventris;1;1;1;1;3;https://www.inaturalist.org/observations/196795341;
"171,""Merocoris_curtatus_CMF_0821""";Merocoris_curtatus;Coreidae;Meropachyinae;Merocorini;Merocoris;curtatus;1;1;1;1;3;https://www.inaturalist.org/observations/177422602;
"172,""Merocoris_typhaeus_CMF_0523""";Merocoris_elevatus;Coreidae;Meropachyinae;Merocorini;Merocoris;elevatus;1;1;1;1;3;https://www.inaturalist.org/observations/153493317;
"173,""Merocoris_elevatus_CMF_0736""";Merocoris_typhaeus;Coreidae;Meropachyinae;Merocorini;Merocoris;typhaeus;1;1;1;1;3;https://www.inaturalist.org/observations/117222424;
"174,""Cebrenis_danieli_CMF_0158""";Cebrenis_danieli;Coreidae;Coreinae;Hypselonotini;Cebrenis;danieli;1;1;1;1;3;https://www.inaturalist.org/observations/5140396;
"175,""Zicca_commaculata_CMF_0055""";Zicca_commaculata;Coreidae;Coreinae;Hypselonotini;Zicca;commaculata;1;1;1;1;3;https://www.inaturalist.org/observations/105730293;
"176,""Zicca_rubricator_CMF_0135""";Zicca_rubricator;Coreidae;Coreinae;Hypselonotini;Zicca;rubricator;1;1;1;1;3;https://www.inaturalist.org/observations/41311124;
"177,""Zicca_taeniola_CMF_0365""";Zicca_taeniola;Coreidae;Coreinae;Hypselonotini;Zicca;taeniola;1;1;1;1;3;https://www.inaturalist.org/observations/196180424;
"178,""Leptoglossus_ashmeadi_CMF_0124""";Leptoglossus_ashmeadi;Coreidae;Coreinae;Anisoscelini;Leptoglossus;ashmeadi;1;1;1;1;3;https://www.inaturalist.org/observations/162672108;
"179,""Leptoglossus_concolor_CMF_0015""";Leptoglossus_concolor;Coreidae;Coreinae;Anisoscelini;Leptoglossus;concolor;1;1;1;1;3;https://www.inaturalist.org/observations/4294445;
"18,""Alydus_calcaratus_CMF_0925""";Alydus_calcaratus;Alydidae;Alydinae;;Alydus;calcaratus;1;1;1;1;3;https://www.inaturalist.org/observations/197676030;
"180,""Leptoglossus_clypealis_CMF_0463""";Leptoglossus_clypealis;Coreidae;Coreinae;Anisoscelini;Leptoglossus;clypealis;1;1;1;1;3;https://www.inaturalist.org/observations/209634055;
"181,""Leptoglossus_oppositus_CMF_0475""";Leptoglossus_oppositus;Coreidae;Coreinae;Anisoscelini;Leptoglossus;oppositus;1;1;1;1;3;https://www.inaturalist.org/observations/185352058;
"182,""Leptoglossus_zonatus_CMF_0148""";Leptoglossus_zonatus;Coreidae;Coreinae;Anisoscelini;Leptoglossus;zonatus;1;1;1;1;3;https://www.inaturalist.org/observations/178198289;
"183,""Leptoglossus_phyllopus_CMF_0107""";Leptoglossus_phyllopus;Coreidae;Coreinae;Anisoscelini;Leptoglossus;phyllopus;1;1;1;1;3;https://www.inaturalist.org/observations/185506193;
"184,""Leptoglossus_corculus_CMF_0785""";Leptoglossus_corculus;Coreidae;Coreinae;Anisoscelini;Leptoglossus;corculus;1;1;1;1;3;https://www.inaturalist.org/observations/204863383;
"185,""Leptoglossus_fulvicornis_CMF_0762""";Leptoglossus_fulvicornis;Coreidae;Coreinae;Anisoscelini;Leptoglossus;fulvicornis;1;1;1;1;3;https://www.inaturalist.org/observations/178857611;
"186,""Leptoglossus_gonagra_FL_CMF_0669""";Leptoglossus_gonagra;Coreidae;Coreinae;Anisoscelini;Leptoglossus;gonagra;1;1;1;1;3;https://www.inaturalist.org/observations/200666287;
"187,""Phthiacnemia_picta_CMF_0350""";Phthiacnemia_picta;Coreidae;Coreinae;Anisoscelini;Phthiacnemia;picta;1;1;1;1;3;https://www.inaturalist.org/observations/213453696;
"188,""Narnia_femorata_CMF_0111""";Narnia_femorata;Coreidae;Coreinae;Anisoscelini;Narnia;femorata;1;1;1;1;3;https://www.inaturalist.org/observations/163852411;
"189,""Narnia_snowi_CMF_0208""";Narnia_snowi;Coreidae;Coreinae;Anisoscelini;Narnia;snowi;1;1;1;1;3;https://www.inaturalist.org/observations/152049539;
"19,""Alydus_pilosulus_CMF_0775""";Alydus_pilosulus;Alydidae;Alydinae;;Alydus;pilosulus;1;1;1;1;3;https://www.inaturalist.org/observations/189161604;
"190,""Leptoscelis_quadrisignatus_CMF_0076""";Leptoscelis_quadrisignatus;Coreidae;Coreinae;Anisoscelini;Leptoscelis;quadrisignatus;1;1;1;1;3;https://www.inaturalist.org/observations/155244365;
"191,""Leptoscelis_tricolor_CMF_0079""";Leptoscelis_tricolor;Coreidae;Coreinae;Anisoscelini;Leptoscelis;tricolor;1;1;1;1;3;https://www.inaturalist.org/observations/187320523;
"192,""Anasa_andresii_CMF_0165""";Anasa_andresii;Coreidae;Coreinae;Hypselonotini;Anasa;andresii;1;1;1;1;3;https://www.inaturalist.org/observations/133156853;
"193,""Anasa_tristis_CMF_0760""";Anasa_tristis;Coreidae;Coreinae;Hypselonotini;Anasa;tristis;1;1;1;1;3;https://www.inaturalist.org/observations/184326293;
"194,""Paryphes_pulchellus_CMF_0858""";Paryphes_pulchellus;Coreidae;Coreinae;Hypselonotini;Paryphes;pulchellus;1;1;1;1;3;https://www.inaturalist.org/photos/5543366;http://publication.nhmus.hu/pdf/annHNHM/Annals_HNHM_1913_Vol_11_344.pdf
"195,""Anasa_bellator_CMF_0316""";Anasa_bellator;Coreidae;Coreinae;Hypselonotini;Anasa;bellator;1;1;1;1;3;https://www.inaturalist.org/observations/63583353;
"196,""Anasa_varicornis_CMF_0005""";Anasa_varicornis;Coreidae;Coreinae;Hypselonotini;Anasa;varicornis;1;1;1;1;3;https://www.inaturalist.org/observations/130191347;
"197,""Anasa_scorbutica_CMF_0169""";Anasa_scorbutica;Coreidae;Coreinae;Hypselonotini;Anasa;scorbutica;1;1;1;1;3;https://www.inaturalist.org/taxa/330102-Anasa-scorbutica;
"198,""Anisoscelis_alipes_CMF_0018""";Anisoscelis_alipes;Coreidae;Coreinae;Anisoscelini;Anisoscelis;alipes;1;1;1;1;3;https://www.inaturalist.org/observations/194197443;
"199,""Anisoscelis_gradadius_CMF_0137""";Anisoscelis_gradadius;Coreidae;Coreinae;Anisoscelini;Anisoscelis;gradadius;1;1;1;1;3;https://www.inaturalist.org/observations/141016000;
"2,""Acanthocephala_declivis_CMF_0069""";Acanthocephala_declivis;Coreidae;Coreinae;Acanthocephalini;Acanthocephala;declivis;1;1;1;1;3;https://www.inaturalist.org/observations/218493869;
"20,""Burtinus_luteomarginatus_CMF_0901""";Burtinus_luteomarginatus;Alydidae;Alydinae;;Burtinus;luteomarginatus;1;1;1;1;3;https://www.inaturalist.org/observations/202909875;
"200,""Chondrocera_laticornis_CMF_0662""";Chondrocera_laticornis;Coreidae;Coreinae;Anisoscelini;Chondrocera;laticornis;2;1;2;2;5;https://www.inaturalist.org/observations/206491027;
"201,""Holhymenia_sp_CMF_0051""";Holhymenia_sp.;Coreidae;Coreinae;Anisoscelini;Holhymenia;sp.;0;0;0;0;0;NA;
"202,""Holhymenia_tibialis_CMF_0801""";Holhymenia_tibialis / clavigera;Coreidae;Coreinae;Anisoscelini;Holhymenia;tibialis / clavigera;2;1;2;2;5;https://www.inaturalist.org/observations/103555867;
"203,""Chelinidea_tabulata_CMF_0233""";Chelinidea_tabulata;Coreidae;Coreinae;Chelinideini;Chelinidea;tabulata;2;2;2;2;6;https://www.inaturalist.org/observations/157775874;
"204,""Chelinidea_vittiger_CMF_0220""";Chelinidea_vittiger;Coreidae;Coreinae;Chelinideini;Chelinidea;vittiger;2;2;2;2;6;https://www.inaturalist.org/observations/200576794;
"205,""Plaxiscelis_limbata_CMF_0072""";Plaxiscelis_limbata;Coreidae;Coreinae;Placoscelini;Plaxiscelis;limbata;1;1;1;1;3;https://www.inaturalist.org/observations/70875548;
"206,""Stenoeurilla_aenescens_CMF_0083""";Stenoeurilla_aenescens;Coreidae;Coreinae;Placoscelini;Stenoeurilla;aenescens;1;1;1;1;3;https://www.inaturalist.org/observations/16092790;
"207,""Stenoeurilla_mesoamericana_CMF_0402""";Stenoeurilla_mesoamericana;Coreidae;Coreinae;Placoscelini;Stenoeurilla;mesoamericana;1;1;1;1;3;https://www.inaturalist.org/observations/199127843;
"208,""Laminiceps_vergarae_CMF_0800""";Laminiceps_vergarae;Coreidae;Coreinae;Acanthocephalini;Laminiceps;vergarae;1;1;1;1;3;https://www.inaturalist.org/observations/39314088;
"209,""Petalops_distinctus_CMF_0810""";Petalops_distinctus;Coreidae;Coreinae;Acanthocephalini;Petalops;distinctus;1;1;1;1;3;https://www.inaturalist.org/observations/4352845;
"21,""Neomegalotomus_rufipes_CMF_0098""";Neomegalotomus_rufipes;Alydidae;Alydinae;;Neomegalotomus;rufipes;1;1;1;1;3;https://www.inaturalist.org/observations/37080453;
"210,""Stenometapodus_ambiguus_CMF_0845""";Stenometapodus_ambiguus;Coreidae;Coreinae;Acanthocephalini;Stenometapodus;ambiguus;1;1;1;1;3;https://www.inaturalist.org/observations/35671604;
"211,""Stenometapodus_v_luteum_CMF_0844""";Stenometapodus_v-luteum;Coreidae;Coreinae;Acanthocephalini;Stenometapodus;v-luteum;1;1;1;1;3;https://www.inaturalist.org/observations/28845875;
"212,""Zygometapodus_castaneus_CMF_0798""";Zygometapodus_castaneus;Coreidae;Coreinae;Acanthocephalini;Zygometapodus;castaneus;1;1;1;1;3;https://www.inaturalist.org/observations/20491192;
"213,""Acanthocephala_thomasi_CMF_0028""";Acanthocephala_thomasi;Coreidae;Coreinae;Acanthocephalini;Acanthocephala;thomasi;1;1;1;1;3;https://www.inaturalist.org/observations/210350405;
"22,""Apidaurus_conspersus_CMF_0900""";Apidaurus_conspersus;Alydidae;Alydinae;;Apidaurus;conspersus;1;1;1;1;3;https://www.inaturalist.org/observations/101171421;
"23,""Camptopus_lateralis_CMF_0929""";Camptopus_lateralis;Alydidae;Alydinae;;Camptopus;lateralis;1;1;1;1;3;https://www.inaturalist.org/observations/189256411;
"24,""Hamedius_incarnatus_CMF_0414""";Hamedius_incarnatus;Alydidae;Alydinae;;Hamedius;incarnatus;1;1;1;1;3;https://www.inaturalist.org/observations/186665300;
"25,""Riptortus_pedestris_CMF_0878""";Riptortus_pedestris;Alydidae;Alydinae;;Riptortus;pedestris;1;1;1;1;3;https://www.inaturalist.org/observations/180226937;
"26,""Riptortus_sp_CMF_0404""";Riptortus_sp.;Alydidae;Alydinae;;Riptortus;sp.;0;0;0;0;0;NA;
"27,""Heegeria_tangirica_CMF_0961""";Heegeria_tangirica;Alydidae;Alydinae;;Heegeria;tangirica;1;1;1;1;3;https://www.inaturalist.org/observations/201113978;
"28,""Nariscus_sp_CMF_0908""";Nariscus_sp.;Alydidae;Alydinae;;Nariscus;sp.;0;0;0;0;0;NA;
"29,""Melanacanthus_margineguttatus_CMF_0418""";Melanacanthus_margineguttatus;Alydidae;Alydinae;;Melanacanthus;margineguttatus;1;1;1;1;3;https://www.inaturalist.org/observations/65147961;
"3,""Acanthocephala_terminalis_CMF_0123""";Acanthocephala_terminalis;Coreidae;Coreinae;Acanthocephalini;Acanthocephala;terminalis;1;1;1;1;3;https://www.inaturalist.org/observations/218680486;
"30,""Melanacanthus_sp_CMF_0416""";Melanacanthus_sp.;Alydidae;Alydinae;;Melanacanthus;sp.;0;0;0;0;0;NA;
"31,""Melanacanthus_scutellaris_CMF_0420""";Melanacanthus_scutellaris;Alydidae;Alydinae;;Melanacanthus;scutellaris;1;1;1;1;3;https://www.inaturalist.org/observations/206205337;
"32,""Tenosius_sp_CMF_0966""";Tenosius_sp.;Alydidae;Alydinae;;Tenosius;sp.;0;0;0;0;0;NA;
"33,""Hyalymenus_longispinus_CMF_0339""";Hyalymenus_longispinus;Alydidae;Alydinae;;Hyalymenus;longispinus;1;1;1;1;3;https://www.inaturalist.org/observations/133359160;
"34,""Hyalymenus_sp_WTP_CMF_1139""";Hyalymenus_sp.1;Alydidae;Alydinae;;Hyalymenus;sp.1;0;0;0;0;0;NA;
"35,""Hyalymenus_pulcher_CMF_0546""";Hyalymenus_pulcher;Alydidae;Alydinae;;Hyalymenus;pulcher;1;1;1;1;3;https://www.inaturalist.org/observations/195866227;
"36,""Hyalymenus_sp_CMF_0336""";Hyalymenus_sp.2;Alydidae;Alydinae;;Hyalymenus;sp.2;0;0;0;0;0;NA;
"37,""Anoplocerus_luteus_CMF_0989""";Anoplocerus_luteus;Coreidae;Pseudophloeinae;Pseudophloeini;Anoplocerus;luteus;1;1;1;1;3;https://www.inaturalist.org/observations/150818038;
"38,""Arenocoris_waltlii_CMF_0911""";Arenocoris_waltlii;Coreidae;Pseudophloeinae;Pseudophloeini;Arenocoris;waltlii;1;1;1;1;3;https://www.inaturalist.org/observations/203500090;
"39,""Bathysolen_nubilus_CMF_0602""";Bathysolen_nubilus;Coreidae;Pseudophloeinae;Pseudophloeini;Bathysolen;nubilus;1;1;1;1;3;https://www.inaturalist.org/observations/194125366;
"4,""Acanthocephala_femorata_CMF_0032""";Acanthocephala_femorata;Coreidae;Coreinae;Acanthocephalini;Acanthocephala;femorata;1;1;1;1;3;https://www.inaturalist.org/observations/210506093;
"40,""Coriomeris_affinis_CMF_0935""";Coriomeris_affinis;Coreidae;Pseudophloeinae;Pseudophloeini;Coriomeris;affinis;1;1;1;1;3;https://www.inaturalist.org/observations/206484623;
"41,""Coriomeris_denticulatus_CMF_0979""";Coriomeris_nigricornis;Coreidae;Pseudophloeinae;Pseudophloeini;Coriomeris;nigricornis;1;1;1;1;3;https://www.inaturalist.org/observations/5050180;
"42,""Coriomeris_nigricornis_CMF_0560""";Coriomeris_denticulatus;Coreidae;Pseudophloeinae;Pseudophloeini;Coriomeris;denticulatus;1;1;1;1;3;https://www.inaturalist.org/observations/204383675;
"43,""Strobilotoma_typhaecornis_CMF_0923""";Strobilotoma_typhaecornis;Coreidae;Pseudophloeinae;Pseudophloeini;Strobilotoma;typhaecornis;1;1;1;1;3;https://www.inaturalist.org/observations/33790755;
"44,""Ceraleptus_gracilicornis_CMF_0988""";Ceraleptus_gracilicornis;Coreidae;Pseudophloeinae;Pseudophloeini;Ceraleptus;gracilicornis;1;1;1;1;3;https://www.inaturalist.org/observations/167384258;
"45,""Nemocoris_falleni_CMF_0994""";Nemocoris_falleni;Coreidae;Pseudophloeinae;Pseudophloeini;Nemocoris;falleni;1;1;1;1;3;https://www.inaturalist.org/observations/202267670;
"46,""Ceraleptus_obtusus_CMF_0931""";Ceraleptus_obtusus;Coreidae;Pseudophloeinae;Pseudophloeini;Ceraleptus;obtusus;1;1;1;1;3;https://www.inaturalist.org/observations/160101278;
"47,""Hoplolomia_scabricula_CMF_0857""";Hoplolomia_scabricula;Coreidae;Pseudophloeinae;Pseudophloeini;Hoplolomia;scabricula;1;1;1;1;3;https://www.inaturalist.org/observations/148368023;
"48,""Pseudomyla_cornuta_CMF_01122""";Pseudomyla_cornuta;Coreidae;Pseudophloeinae;Pseudophloeini;Pseudomyla;cornuta;1;1;1;1;3;https://www.inaturalist.org/observations/180860581;
"49,""Psilolomia_brunneofusca_CMF_0803""";Psilolomia_brunneofusca;Coreidae;Pseudophloeinae;Pseudophloeini;Psilolomia;brunneofusca;1;1;1;1;3;http://coreoidea.speciesfile.org/Common/basic/ShowImage.aspx?TaxonNameID=1186891&ImageID=227017;
"5,""Acanthocoris_scaber_CMF_0177""";Acanthocoris_scaber;Coreidae;Coreinae;Acanthocorini;Acanthocoris;scaber;1;1;1;1;3;https://www.inaturalist.org/observations/161076467;
"50,""Psilolomia_parva_CMF_0871""";Psilolomia_parva;Coreidae;Pseudophloeinae;Pseudophloeini;Psilolomia;parva;1;1;1;1;3;http://coreoidea.speciesfile.org/Common/basic/ShowImage.aspx?TaxonNameID=1186898&ImageID=227013;
"51,""Mevanidea_hystrix_CMF_1088""";Mevanidea_hystrix;Coreidae;Pseudophloeinae;Pseudophloeini;Mevanidea;hystrix;1;1;1;1;3;https://www.inaturalist.org/observations/89345394;
"52,""Mevanidea_spiniceps_CMF_0950_0953""";Mevanidea_spiniceps;Coreidae;Pseudophloeinae;Pseudophloeini;Mevanidea;spiniceps;0;0;0;0;0;NA;
"53,""Paramyla_suspecta_CMF_0807""";Paramyla_suspecta;Coreidae;Pseudophloeinae;Pseudophloeini;Paramyla;suspecta;1;1;1;1;3;https://ia601202.us.archive.org/3/items/biostor-144/biostor-144.pdf;
"54,""Myla_sp_CMF_0091""";Myla_sp.;Coreidae;Pseudophloeinae;Pseudophloeini;Myla;sp.;0;0;0;0;0;NA;
"55,""Vilga_dallasi_CMF_1047""";Vilga_dallasi;Coreidae;Pseudophloeinae;Pseudophloeini;Vilga;dallasi;1;1;1;1;3;https://www.inaturalist.org/observations/138653350;
"56, ""Vilga_sanctipauli_CMF_1048""";Vilga_sanctipauli;Coreidae;Pseudophloeinae;Pseudophloeini;Vilga;sanctipauli;1;1;1;1;3;http://coreoidea.speciesfile.org/Common/basic/ShowImage.aspx?TaxonNameID=1186869&ImageID=222861;
"57,""Vilga_westwoodi_CMF_1050""";Vilga_westwoodi;Coreidae;Pseudophloeinae;Pseudophloeini;Vilga;westwoodi;1;1;1;1;3;https://www.inaturalist.org/observations/106535427;
"58,""Clavigralla_elongata_CMF_0944""";Clavigralla_elongata;Coreidae;Pseudophloeinae;Clavigrallini;Clavigralla;elongata;1;1;1;1;3;http://coreoidea.speciesfile.org/Common/basic/ShowImage.aspx?TaxonNameID=1186770&ImageID=179100;
"59,""Clavigralla_minor_CMF_0334""";Clavigralla_minor;Coreidae;Pseudophloeinae;Clavigrallini;Clavigralla;minor;0;0;0;0;0;NA;
"6,""Acanthocoris_sordidus_CMF_0276""";Acanthocoris_sordidus;Coreidae;Coreinae;Acanthocorini;Acanthocoris;sordidus;1;1;1;1;3;https://www.inaturalist.org/observations/391383529;
"60,""Clavigralla_shadabi_CMF_0056""";Clavigralla_pusilla;Coreidae;Pseudophloeinae;Clavigrallini;Clavigralla;pusilla;1;1;1;1;3;http://coreoidea.speciesfile.org/Common/basic/ShowImage.aspx?TaxonNameID=1186796&ImageID=179529;
"61,""Clavigralla_pusilla_CMF_0952_0960""";Clavigralla_shadabi;Coreidae;Pseudophloeinae;Clavigrallini;Clavigralla;shadabi;1;1;1;1;3;http://coreoidea.speciesfile.org/Common/basic/ShowImage.aspx?TaxonNameID=1186801&ImageID=179494;
"62,""Clavigralla_sp_CMF_0335""";Clavigralla_sp.;Coreidae;Pseudophloeinae;Clavigrallini;Clavigralla;sp.;0;0;0;0;0;NA;
"63,""Clavigralloides_acantharis_CMF_0797""";Clavigralloides_acantharis;Coreidae;Pseudophloeinae;Clavigrallini;Clavigralloides;acantharis;1;1;1;1;3;https://www.inaturalist.org/observations/33681153;
"64,""Gralliclava_horrens_CMF_1165""";Gralliclava_horrens;Coreidae;Pseudophloeinae;Clavigrallini;Gralliclava;horrens;1;1;1;1;3;https://www.inaturalist.org/observations/71687156;
"65,""Gralliclava_sp_CMF_0745""";Gralliclava_sp.;Coreidae;Pseudophloeinae;Clavigrallini;Gralliclava;sp.;0;0;0;0;0;NA;
"66,""Leptocorisa_acuta_CMF_0645""";Leptocorisa_acuta;Alydidae;Micrelytrinae;Leptocorisini;Leptocorisa;acuta;1;1;1;1;3;https://www.inaturalist.org/observations/125435487;
"67,""Leptocorisa_bipunctata_CMF_0896""";Leptocorisa_bipunctata;Alydidae;Micrelytrinae;Leptocorisini;Leptocorisa;bipunctata;1;1;1;1;3;"Costa, A. (1863) Illustrazione di alcuni Emitteri stranieri all'Europa. Rendiconto della Adunaze e de' Lavori della Reale accademia delle Scienze di Napoli, 2, 190?191, 250?261.";
"68,""Stenocoris_filiformis_CMF_0758""";Stenocoris_filiformis;Alydidae;Micrelytrinae;Leptocorisini;Stenocoris;filiformis;1;1;1;1;3;https://www.inaturalist.org/observations/104235777;
"69,""Stenocoris_furcifera_CMF_0879""";Stenocoris_furcifera;Alydidae;Micrelytrinae;Leptocorisini;Stenocoris;furcifera;1;1;1;1;3;https://www.inaturalist.org/observations/6290514;
"7,""Acanthocoris_sp_CMF_0331""";Acanthocoris_sp.1;Coreidae;Coreinae;Acanthocorini;Acanthocoris;sp.1;0;0;0;0;0;NA;
"70,""Stenocoris_sp_CMF_0315_STANDARD""";Stenocoris_sp.;Alydidae;Micrelytrinae;Leptocorisini;Stenocoris;sp.;0;0;0;0;0;NA;
"71,""Stenocoris_tipuloides_CMF_0174""";Stenocoris_tipuloides;Alydidae;Micrelytrinae;Leptocorisini;Stenocoris;tipuloides;1;1;1;1;3;https://www.inaturalist.org/observations/79701776;
"72,""Mutusca_brevicornis_CMF_0417""";Mutusca_brevicornis;Alydidae;Micrelytrinae;Leptocorisini;Mutusca;brevicornis;1;1;1;1;3;https://www.inaturalist.org/observations/202038173;
"73,""Micrelytrinae_sp_CMF_0161_STANDARD""";Darmistus_sp.;Alydidae;Micrelytrinae;Micrelytrini;Darmistus;sp.;0;0;0;0;0;NA;
"74,""Hydara_tenuicornis_CMF_0040""";Hydara_tenuicornis;Coreidae;Hydarinae;;Hydara;tenuicornis;1;1;1;1;3;https://www.inaturalist.org/observations/112939188;
"75,""Hydarella_chiangdaoensis_CMF_1129""";Hydarella_chiangdaoensis;Coreidae;Hydarinae;;Hydarella;chiangdaoensis;1;1;1;1;3;https://www.inaturalist.org/observations/189853101;
"76,""Hydaropsis_longirostris_CMF_0817""";Hydaropsis_longirostris;Coreidae;Hydarinae;;Hydaropsis;longirostris;1;1;1;1;3;http://coreoidea.speciesfile.org/Common/basic/ShowImage.aspx?TaxonNameID=1187099&ImageID=179281;
"77,""Madura_fuscoclavata_CMF_1078""";Madura_fuscoclavata;Coreidae;Hydarinae;;Madura;fuscoclavata;1;1;1;1;3;https://www.inaturalist.org/observations/196369636;
"78,""Maduranoides_chemsaki_CMF_1017""";Maduranoides_chemsaki;Coreidae;Hydarinae;;Maduranoides;chemsaki;1;1;1;1;3;https://www.inaturalist.org/observations/115415959;
"79,""Halyomorpha_halys_halhal1""";Halyomorpha_halys;Pentatomidae;Pentatominae;Cappaeini;Halyomorpha;halys;1;1;1;1;3;https://www.inaturalist.org/observations/195445295;
"8,""Acanthocoris_sp_CMF_0766""";Acanthocoris_sp.2;Coreidae;Coreinae;Acanthocorini;Acanthocoris;sp.2;0;0;0;0;0;NA;
"80,""Dysdercus_suturellus_CMF_0305""";Dysdercus_mimus;Pyrrhocoridae;;;Dysdercus;mimus;1;1;1;1;3;https://www.inaturalist.org/observations/200865495;
"81,""Dysdercus_mimus_CMF_0110""";Dysdercus_suturellus;Pyrrhocoridae;;;Dysdercus;suturellus;1;1;1;1;3;https://www.inaturalist.org/observations/90339616;
"82,""Largus_sp_CMF_0230""";Largus_sp.;Largidae;Larginae;Largini;Largus;sp.;0;0;0;0;0;NA;
"83,""Oncopeltus_fasciatus_oncfas1""";Oncopeltus_fasciatus;Lygaeidae;Lygaeinae;Lygaeini;Oncopeltus;fasciatus;1;1;1;1;3;https://www.inaturalist.org/observations/196244215;
"84,""nr_Oedancala_sp_U23""";Oedancala_sp.;Pachygronthidae;Pachygronthinae;Pachygronthini;Oedancala;sp.;0;0;0;0;0;NA;
"85,""Harmostes_serratus_CMF_0401""";Harmostes_serratus;Rhopalidae;Rhopalinae;Harmostini;Harmostes;serratus;1;1;1;1;3;https://www.inaturalist.org/observations/166914795;
"86,""Jadera_haematoloma_CMF_0281""";Jadera_haematoloma;Rhopalidae;Serinethinae;;Jadera;haematoloma;1;1;1;1;3;https://www.inaturalist.org/observations/213561843;
"87,""Grammopoecilus_angustatus_CMF_0839""";Grammopoecilus_angustatus;Coreidae;Coreinae;Nematopodini;Grammopoecilus;angustatus;1;1;1;1;3;https://www.inaturalist.org/observations/146988600;
"88,""Nematopus_lepidus_CMF_0071""";Nematopus_lepidus;Coreidae;Coreinae;Nematopodini;Nematopus;lepidus;1;1;1;1;3;https://www.inaturalist.org/observations/33992449;
"89,""Lycambes_sargi_CMF_0049""";Lycambes_sargi;Coreidae;Meropachyinae;Spathophorini;Lycambes;sargi;1;1;1;1;3;https://www.inaturalist.org/observations/144444175;
"9,""Acanthocoris_sp_CMF_0054""";Acanthocoris_sp.3;Coreidae;Coreinae;Acanthocorini;Acanthocoris;sp.3;0;0;0;0;0;NA;
"90,""Mozena_lineolata_CMF_0026""";Mozena_lineolata (lunata);Coreidae;Coreinae;Nematopodini;Mozena;lineolata (lunata);1;1;1;1;3;https://www.inaturalist.org/observations/162561893;
"91,""Mozena_lurida_CMF_0050""";Mozena_lurida;Coreidae;Coreinae;Nematopodini;Mozena;lurida;1;1;1;1;3;https://www.inaturalist.org/observations/10109737;
"92,""Piezogaster_calcarator_CMF_0877""";Piezogaster_calcarator;Coreidae;Coreinae;Nematopodini;Piezogaster;calcarator;1;1;1;1;3;https://www.inaturalist.org/observations/213406732;
"93,""Ouranion_serrulatus_CMF_0337""";Ouranion_serrulatus;Coreidae;Coreinae;Nematopodini;Ouranion;serrulatus;1;1;1;1;3;https://www.inaturalist.org/observations/101669438;
"94,""Melucha_quadrivittis_CMF_0157""";Melucha_quadrivittis;Coreidae;Coreinae;Nematopodini;Melucha;quadrivittis;1;1;1;1;3;https://www.inaturalist.org/observations/67640985;
"95,""Thasus_neocalifornicus_CMF_0190""";Thasus_neocalifornicus;Coreidae;Coreinae;Nematopodini;Thasus;neocalifornicus;2;1;1;2;4;https://www.inaturalist.org/observations/183126591;
"96,""Thasus_sp_CMF_0292""";Thasus_sp.;Coreidae;Coreinae;Nematopodini;Thasus;sp.;0;0;0;0;0;NA;
"97,""Agriopocoris_chadwicki_CMF_1143""";Agriopocoris_chadwicki;Coreidae;Coreinae;Agriopocorini;Agriopocoris;chadwicki;1;1;1;1;3;https://www.inaturalist.org/observations/152470267;
"98,""Agriopocoris_froggatti_CMF_1144""";Agriopocoris_froggatti;Coreidae;Coreinae;Agriopocorini;Agriopocoris;froggatti;1;1;1;1;3;https://www.inaturalist.org/observations/197106929;
"99,""Agriopocostella_regulosa_CMF_1154""";Agriopocostella_regulosa;Coreidae;Coreinae;Agriopocorini;Agriopocostella;regulosa;0;0;0;0;0;NA;
